,symbol,ratio
0,A,0.0008995996610294944
1,AA,0.0009390922037913186
2,AAON,0.001329238231106159
3,AAP,0.0007961199422566324
4,AAPL,0.0006125844974610824
5,ABG,0.0006869851630175474
6,ABM,0.00044271905223746566
7,ABR,0.0005784782875524177
8,ABT,0.001159780179225838
9,ACAD,0.0009556810737243813
10,ACIW,0.001095335277708139
11,ACLS,0.0010071306635717153
12,ACN,0.0013195730624513129
13,ACTG,0.0006845914034154293
14,ADBE,0.0009545532351950003
15,ADC,0.001139127170053001
16,ADI,0.0007990468828191934
17,ADM,0.0008591931928241626
18,ADP,0.0009355709540612232
19,ADSK,0.0012344759074467842
20,ADTN,0.0008450483151673091
21,AEE,0.0008112098510912862
22,AEIS,0.0008298082682327961
23,AEO,0.000873447869427078
24,AEP,0.0012918478997952735
25,AES,0.0010034620899638514
26,AFG,0.0010737251008381278
27,AFL,0.0009922965501365714
28,AGCO,0.0010460413465290975
29,AGEN,0.0009452449721273877
30,AGM,0.0011874577272233907
31,AGO,0.0006227021005096592
32,AGYS,0.0011836403490844184
33,AIG,0.0010801542289701747
34,AIN,0.001002322506081092
35,AIR,0.0008858601897671761
36,AIT,0.0008723872197801295
37,AIV,0.0006169918091932535
38,AIZ,0.0007604186386684527
39,AJG,0.0008581911994708582
40,AKAM,0.0009319897474504262
41,ALB,0.0010203449903342697
42,ALE,0.00046266825358537753
43,ALGN,0.0008489169286966384
44,ALK,0.0011258979497059825
45,ALKS,0.000666975527918893
46,ALL,0.0005106856453688616
47,ALNY,0.0008454420878720061
48,AMAT,0.0006029895632648802
49,AMD,0.0007364655686100992
50,AME,0.0011500165917099768
51,AMG,0.0008248845161091929
52,AMGN,0.00044114914154949093
53,AMKR,0.0011449242653437282
54,AMN,0.001346473286721401
55,AMSC,0.00080452527833138
56,AMT,0.0006803084832595361
57,AMWD,0.0007210949393295525
58,AMZN,0.0008776434026480411
59,AN,0.0009358442627568524
60,ANF,0.0006994397148926141
61,ANGO,0.0007219449561565432
62,ANIK,0.0010735418697322523
63,ANSS,0.0009656330655113794
64,AON,0.0011336059740369203
65,AOS,0.00100296976963881
66,APA,0.0010726160218936232
67,APD,0.0012306778260079687
68,APH,0.0008847589045887653
69,APOG,0.0009202200491025272
70,ARCB,0.0008902336489484423
71,ARCH,0.0011691413060191413
72,ARE,0.0013030912967940775
73,AROW,0.0010167769483995749
74,ARW,0.0008367069430494442
75,ASB,0.0008405460356260639
76,ASGN,0.0009619564168282231
77,ASH,0.0007840558120683398
78,ASTE,0.0009133037693051169
79,ATGE,0.0005349442334534344
80,ATI,0.0008010266597391229
81,ATLC,0.001127200291405073
82,ATO,0.0012692481307542416
83,ATR,0.000806974603810472
84,ATSG,0.000959778786257293
85,AVA,0.0006772412393893134
86,AVB,0.0009942127964736411
87,AVT,0.0007334580144648963
88,AVY,0.0012643621865510053
89,AWH,0.0011052168158921345
90,AWR,0.0008319933732586368
91,AXL,0.0009613512323397043
92,AXP,0.0009581750107502257
93,AXS,0.0010559477637982714
94,AXTI,0.0012785085699858756
95,AYI,0.0009606160312915808
96,AZO,0.0009848756414327336
97,AZPN,0.0011574491761870396
98,AZZ,0.0007626462477317044
99,B,0.0008111346399442309
100,BA,0.0007080042673554768
101,BAC,0.001387040226107377
102,BANR,0.001196908014860405
103,BAX,0.001446772433377291
104,BBY,0.0010830582349666323
105,BC,0.0015796029923224643
106,BCO,0.0011309402549507408
107,BCRX,0.0006791712254814461
108,BDC,0.0011054474528084401
109,BDN,0.0010217973581575029
110,BDX,0.000723312280337933
111,BECN,0.0010267028187678742
112,BELFB,0.000811396147000741
113,BEN,0.0006018225028439143
114,BFS,0.0007418105228781304
115,BG,0.0008906972686646092
116,BH,0.0009971038877446131
117,BHE,0.0011868027038678473
118,BHLB,0.000775520543215256
119,BIIB,0.000923972840463415
120,BIO,0.000535413761908489
121,BJRI,0.0011938889043557118
122,BK,0.0007025763514609343
123,BKE,0.000763962431804686
124,BKH,0.0008322016280425254
125,BKNG,0.0007584885600194237
126,BKR,0.0008291121968455209
127,BLK,0.001186060735578869
128,BLKB,0.0009999610881520234
129,BLX,0.0008743238522492775
130,BMRN,0.001165616391728482
131,BMY,0.0011749945213132534
132,BOH,0.0006686381815650016
133,BPOP,0.00113456373792967
134,BRC,0.0006450778503885648
135,BRKL,0.001208648125962888
136,BRKR,0.000616082545760065
137,BRO,0.001301640486542454
138,BSX,0.0005847915952220391
139,BUSE,0.0010440998681867837
140,BWA,0.0011445175086129277
141,BXP,0.0013788461479053722
142,BYD,0.0012028740845746913
143,BZH,0.0007316827266278038
144,C,0.0011107573290245647
145,CAC,0.0008087167080174228
146,CACC,0.0007038087168468181
147,CACI,0.0007993575745190521
148,CADE,0.00060025210451667
149,CAG,0.0011112291123774665
150,CAH,0.0009111991430863664
151,CAKE,0.0008266850617281817
152,CAL,0.0004987074133566965
153,CALM,0.0008772140069914401
154,CAR,0.0011465619129170715
155,CASY,0.0008633382682651011
156,CAT,0.0008577282469837601
157,CATO,0.0008500978406762696
158,CATY,0.0012906118456906435
159,CB,0.000954101826287907
160,CBRE,0.0009770963111562958
161,CBRL,0.0010772275294429427
162,CBSH,0.0006441408317379297
163,CBT,0.0006176703667795003
164,CBU,0.0009052578086193325
165,CCI,0.001505541340412651
166,CCK,0.0007106455657643822
167,CCL,0.0009436356974790207
168,CCOI,0.0009520438756918561
169,CCRN,0.001263435549702568
170,CDE,0.000644334673549069
171,CDNS,0.0006066582061290309
172,CE,0.0008723518895872087
173,CENT,0.000707174794108276
174,CENX,0.0009421389459731003
175,CERS,0.0011584497275630699
176,CEVA,0.0007139684432535966
177,CFFN,0.001113382677697286
178,CFR,0.0009694031012647145
179,CGNX,0.0008808590451274417
180,CHCO,0.0005434619485621434
181,CHD,0.0013888889663188357
182,CHDN,0.00133910117698673
183,CHE,0.0004890986674983904
184,CHH,0.0008728937988536653
185,CHRW,0.000723175042000126
186,CI,0.0009839791909974922
187,CIA,0.0012620301529745028
188,CIEN,0.0011765246790998581
189,CINF,0.0008218972316280448
190,CL,0.0011923743579534555
191,CLF,0.0010452320908823439
192,CLX,0.0011172247816308497
193,CMA,0.0006311173318275766
194,CMC,0.0012594554877293576
195,CMCO,0.0008112890813562493
196,CMCSA,0.0009646605180188729
197,CME,0.0011158371340268681
198,CMI,0.0009081554730167928
199,CMP,0.00126703862834783
200,CMS,0.00097836674007283
201,CMTL,0.000995806065886565
202,CNA,0.001011969920168239
203,CNC,0.0006338874583096889
204,CNMD,0.0011287163930424943
205,CNO,0.000973809592218975
206,CNP,0.0011993516256064306
207,CNS,0.0013160321247934659
208,CNX,0.0006089362622716533
209,CNXN,0.0008052878460564796
210,COF,0.00031098733611826363
211,COHR,0.0008424604328902708
212,COHU,0.0010364170915826095
213,COKE,0.0008328236794051945
214,COLB,0.0008450223137584114
215,COLM,0.00107196320644387
216,COO,0.0010690520854667817
217,COP,0.0008104560079112576
218,COR,0.0005402542600780501
219,CORT,0.0008101576522696562
220,COST,0.0009956193653546253
221,CPB,0.0010751909469089345
222,CPRT,0.0012099532003811155
223,CPT,0.0010090893961285019
224,CRAI,0.0009531017257305449
225,CRI,0.0011551255821701297
226,CRK,0.001178059213875556
227,CRL,0.0007371649561661677
228,CRM,0.0010196257861433
229,CRMT,0.0010534035809151776
230,CRS,0.0011108727862163205
231,CRUS,0.0009526953996198654
232,CSCO,0.0005768660322710811
233,CSGP,0.0007880545335668557
234,CSGS,0.0005076015593571762
235,CSL,0.0008826523962320095
236,CSV,0.00047021632690313057
237,CSX,0.0008497437695476364
238,CTAS,0.0008933647127239803
239,CTBI,0.00046460816654435923
240,CTS,0.001057764672165958
241,CTSH,0.0006781937166321099
242,CUBE,0.0009736878737399907
243,CUTR,0.000669202597143676
244,CUZ,0.0009130885669112526
245,CVBF,0.0012866740140662079
246,CVCO,0.0011168744051726124
247,CVGW,0.0009318084096789026
248,CVS,0.0010144752542404763
249,CVX,0.0010066095704642937
250,CW,0.0009864135744890052
251,CWST,0.001015427655008672
252,CWT,0.000978394445864617
253,CXW,0.0009938536284262993
254,CYH,0.0007987256888018883
255,CYTK,0.0006644121557926937
256,D,0.0007549503976633737
257,DCI,0.0011508190755982295
258,DCO,0.0009803952566013526
259,DD,0.001175318528898042
260,DDD,0.0006731316837486525
261,DDS,0.0009795344386398861
262,DE,0.0007541783597732689
263,DECK,0.0009158069904229538
264,DGICA,0.0009380936753158903
265,DGII,0.0010982401270537112
266,DGX,0.000901207497038284
267,DHC,0.0008425780076712509
268,DHI,0.0008062901947946599
269,DHR,0.0007774457410783347
270,DIN,0.0012860875263757492
271,DIOD,0.0012859004821693235
272,DIS,0.0010642478062697783
273,DKS,0.0012716447045984882
274,DLR,0.000999311122854732
275,DLTR,0.00054525281924267
276,DLX,0.0006093423496380569
277,DMRC,0.0011760235210993152
278,DOC,0.00048323278212421175
279,DOV,0.0007699843515897449
280,DOX,0.0012598319944128306
281,DPZ,0.0011941885482626327
282,DRI,0.0011573435842350932
283,DRRX,0.0008862901201432145
284,DTE,0.0009756963236143528
285,DUK,0.0007508023954852011
286,DVA,0.0008305684695140775
287,DVAX,0.0010539299185396472
288,DVN,0.000864474199483892
289,DXC,0.0011040166758347137
290,DY,0.0010963872981248576
291,EA,0.0008243980404837068
292,EAT,0.0010500465321505582
293,EBAY,0.001165185852542961
294,EBF,0.001204567905571385
295,ECL,0.0007505615614047881
296,ED,0.0008159275601981725
297,EEFT,0.0005514880286273619
298,EFSC,0.000880914770560416
299,EFX,0.0008092140966827928
300,EGHT,0.0007948926457583989
301,EGP,0.0008045499105376306
302,EHC,0.0008362137083786761
303,EIX,0.0009058266048220333
304,EL,0.0009406376252740249
305,ELS,0.0007105784138582243
306,EME,0.00046592481280695303
307,EMN,0.0010908380036961987
308,EMR,0.0010974278842137543
309,ENS,0.0008312591747724817
310,ENTG,0.0009176066409121129
311,ENZ,0.0012548304569196724
312,EOG,0.0010214026456667582
313,EPAC,0.0007013447745577973
314,EPC,0.000754367442435969
315,EPR,0.0010760980580167097
316,EQIX,0.0013655414710390785
317,EQR,0.0011003577492616138
318,EQT,0.0007605690109420037
319,ERIE,0.0008976976500147393
320,ES,0.0008845605308227773
321,ESE,0.0010152422032056372
322,ESS,0.0007615571849755292
323,ETN,0.0013161723936165742
324,ETR,0.0010685621995341703
325,EVC,0.0012478161007390093
326,EVRG,0.0006628035294750646
327,EW,0.0011109393347892692
328,EWBC,0.0007365064794518481
329,EXAS,0.0013151590314054522
330,EXC,0.001095815222052034
331,EXEL,0.0010754673825660375
332,EXP,0.0011483254472472739
333,EXPD,0.001126762872986429
334,EXR,0.0003306277912238997
335,EXTR,0.00021196684515244448
336,F,0.000917261719058663
337,FARO,0.0010790792500601576
338,FAST,0.0013988059282335485
339,FBP,0.0007998361833792333
340,FC,0.0013977435348975094
341,FCF,0.0005498552834422076
342,FCFS,0.000913239859580399
343,FCN,0.0012750712233433503
344,FCNCA,0.0008610861189810252
345,FCX,0.0009518369417530984
346,FDP,0.0006243978278171212
347,FDS,0.0009377007270106721
348,FDX,0.0007652829914061145
349,FE,0.0011185943291464385
350,FELE,0.0008346500162570042
351,FFBC,0.0009346118032295103
352,FFIC,0.001203960538247798
353,FFIN,0.00118531253979006
354,FFIV,0.000831715854756063
355,FHI,0.0007655597308957884
356,FHN,0.000594884854058201
357,FI,0.0010257465699087549
358,FICO,0.001175558210290487
359,FIS,0.0006704469710732407
360,FISI,0.0010767843489040037
361,FITB,0.0005262155085668135
362,FIX,0.0008839849384038798
363,FL,0.0008282686306242003
364,FLO,0.001033540005561761
365,FLR,0.0009243204533058883
366,FLS,0.0010149054163810945
367,FLWS,0.0009087239736403987
368,FMC,0.0008027507109850407
369,FNB,0.0010985631589800285
370,FONR,0.0007593030009509825
371,FORM,0.0013059398680632668
372,FORR,0.0013296397293045242
373,FOSL,0.0006842944935209008
374,FR,0.0011424577000448384
375,FRME,0.0008648195953675178
376,FRO,0.0008636229316662702
377,FRT,0.0010675665229817122
378,FSS,0.0006886912399115554
379,FUL,0.00037791802298535535
380,FULT,0.0010975971842597377
381,FWRD,0.0007828911693298218
382,GAIA,0.0011549250674230884
383,GATX,0.0008860542270647545
384,GBCI,0.0005575192365743842
385,GBLI,0.0007276710157785998
386,GCO,0.0007050401554659199
387,GD,0.001251195786515165
388,GDEN,0.0010818134226845597
389,GE,0.0010050031270392747
390,GEF,0.0006689177991565535
391,GEO,0.001241867756435994
392,GERN,0.0004743503708507158
393,GES,0.0007387407120935266
394,GFF,0.0006180392236626793
395,GGG,0.0005931884597124416
396,GHC,0.000586074500462391
397,GILD,0.0009336327266815222
398,GIS,0.0011001480750693214
399,GL,0.0007165612904165542
400,GLNG,0.0009806152862976813
401,GLW,0.0008469788119289714
402,GME,0.0011097815632133798
403,GNTX,0.00090153469407428
404,GNW,0.0009045928765016083
405,GOOD,0.0009289448784454788
406,GOOG,0.000837043829702918
407,GOOGL,0.001663037800483642
408,GPC,0.0006416195080602434
409,GPI,0.0007482832557515095
410,GPK,0.0007473252407260035
411,GPN,0.0011616845808783346
412,GRC,0.0010206701257174878
413,GRMN,0.0011122727361396474
414,GS,0.001114223437244906
415,GT,0.0011342053614662722
416,GTN,0.0011193369305163073
417,GTY,0.0008770223723377114
418,GVA,0.0010683456567163695
419,GWW,0.001276105538522811
420,HAE,0.0014616568004348067
421,HAIN,0.0008736345815048098
422,HAL,0.000755789375759859
423,HALO,0.0009121465796653866
424,HAS,0.0013014191277909881
425,HBAN,0.0008764969670181137
426,HBIO,0.0007274158966199733
427,HCKT,0.0009644992910876615
428,HCSG,0.001300408282949974
429,HD,0.0011510678754626015
430,HE,0.0007339963989390988
431,HEI,0.0007885790822693218
432,HELE,0.0007363271238535662
433,HES,0.0013782559220081585
434,HIG,0.0013202434642961597
435,HIW,0.0011785000958378195
436,HLF,0.0004280105366527845
437,HLIT,0.0007468308239256653
438,HLX,0.0008170258978607535
439,HMN,0.0008081527647482347
440,HNI,0.0008438328384755417
441,HOFT,0.0011470203258001413
442,HOG,0.0011339557567797466
443,HOLX,0.0009926600207852984
444,HON,0.0008563257276787848
445,HOPE,0.0013465508282833522
446,HP,0.0009788072574585345
447,HPQ,0.0004526191708508499
448,HR,0.0011414987828598827
449,HRB,0.0007116750513414818
450,HRL,0.0012063441636217865
451,HSIC,0.0009013943940283308
452,HSII,0.0006241917199697556
453,HST,0.0007390230427382058
454,HSTM,0.0014337170743546712
455,HSY,0.0009520909812215566
456,HTBK,0.00042093766494758443
457,HTH,0.001331109993563837
458,HTLD,0.0009179701219113554
459,HUBB,0.0009628556163577861
460,HUBG,0.0011696896103665707
461,HUM,0.0011706709503456591
462,HURN,0.0007340059407396355
463,HVT,0.0009082638469782254
464,HWC,0.0008030656461852744
465,HXL,0.0011047931732355027
466,HZO,0.0008316653172084307
467,IAC,0.000847524072669125
468,IART,0.0006583086548735257
469,IBCP,0.0013954279978558
470,IBM,0.0011909980048471337
471,ICUI,0.0009340450016698763
472,IDA,0.0012980731995293673
473,IDCC,0.0009550483665614585
474,IDT,0.0007547046784819716
475,IDXX,0.0008053784904143478
476,IESC,0.0011853659738633774
477,IEX,0.0009384680820757128
478,IFF,0.0008045548250281464
479,IGT,0.00113914281953767
480,ILMN,0.0005057037952649893
481,IMAX,0.0009501919761991326
482,IMKTA,0.0013046991789723117
483,IMMR,0.0011646529578751904
484,INCY,0.0007767170174751341
485,INDB,0.000935986022029137
486,INGR,0.0010624610564763143
487,INSG,0.0003891078535437764
488,INSM,0.0009777708817726987
489,INTC,0.001213841619752317
490,INTU,0.0006607138674383761
491,INVA,0.0007509327351069254
492,IONS,0.0007378797104062361
493,IOSP,0.0009845058437705488
494,IP,0.0008512041602311397
495,IPG,0.0007111731813779764
496,IRM,0.0010184497526077043
497,ISRG,0.000841187246142267
498,IT,0.0010904240460731308
499,ITGR,0.0007177736648594822
500,ITRI,0.0011827244343433573
501,ITT,0.0009212015601823805
502,ITW,0.0004302979859036554
503,IVZ,0.0005295276038571761
504,J,0.00040022973550608957
505,JACK,0.0007352384118456505
506,JBHT,0.0010293443919372276
507,JBL,0.0011026159380633658
508,JBLU,0.0012576282642017315
509,JBSS,0.0006293890575222839
510,JCI,0.000896280597423934
511,JEF,0.0010954742347715843
512,JJSF,0.0007704643437016719
513,JKHY,0.0006232177327375758
514,JLL,0.0008304259310024924
515,JNJ,0.001136152541327545
516,JNPR,0.0002033415668448272
517,JOE,0.000997276746719508
518,JPM,0.0009449938258990761
519,JWN,0.0010617277469731896
520,K,0.0009935176994161758
521,KAI,0.000999607526206249
522,KBH,0.0010698735303916033
523,KELYA,0.0013474756755811796
524,KEX,0.0004995468786823376
525,KEY,0.0010339662608680957
526,KFRC,0.0008050099442480842
527,KFY,0.0009550333197243308
528,KIM,0.0006133908495700186
529,KLAC,0.0012151329623074625
530,KMB,0.001168754741808956
531,KMPR,0.0010201287311516452
532,KMT,0.0010832875409808114
533,KMX,0.0007236233307726569
534,KNX,0.0009481718147436856
535,KO,0.0011100071523187827
536,KR,0.0007536439322739929
537,KRC,0.0011648092258249166
538,KRG,0.0007892338082455799
539,KRO,0.0008162638443813622
540,KSS,0.0010171085403350385
541,KTOS,0.0008550346082793432
542,KVHI,0.0007930967038452601
543,KWR,0.0012971649033048861
544,L,0.0006832593081164297
545,LAD,0.0010434130295982652
546,LAMR,0.001176378932740025
547,LANC,0.0010472677626258077
548,LECO,0.0011549414883744416
549,LEG,0.0007816564539612905
550,LEN,0.0007727616751346032
551,LFUS,0.00055294811837713
552,LGND,0.0011677981005237211
553,LH,0.001201031681691472
554,LHX,0.001172058711245387
555,LII,0.000800700377773194
556,LIN,0.0006023312581647905
557,LKQ,0.0008872106308299377
558,LLY,0.0011077809704545098
559,LMT,0.0006772014927088407
560,LNC,0.0012470735446143382
561,LNN,0.0008002755145083765
562,LNT,0.0009465650286524921
563,LOW,0.0008166710552133634
564,LPSN,0.0010538591480867485
565,LPX,0.0010205152304331646
566,LRCX,0.0014648022280459923
567,LSCC,0.001095104486180128
568,LSTR,0.000761558403589633
569,LTC,0.000889297056860092
570,LUV,0.0004401252596695843
571,LVS,0.0013603745808524756
572,LXP,0.0010103136906313578
573,LXRX,0.0008125214527209274
574,LYTS,0.000951545249468675
575,LZB,0.0011771270264236814
576,M,0.0014409300149031453
577,MAA,0.0014983708950525253
578,MAC,0.001599934361503996
579,MAN,0.0008340596499889447
580,MANH,0.0011388575958365629
581,MAR,0.0008802334237720318
582,MAS,0.0009236325787145812
583,MAT,0.0008955981345394846
584,MATW,0.0009936124881419442
585,MATX,0.0011116114456593766
586,MBI,0.0010782501335684486
587,MBWM,0.0007978548866494286
588,MCD,0.0010654715444673563
589,MCHP,0.0005320474048223744
590,MCK,0.001239500206915314
591,MCO,0.0008125317918394407
592,MCS,0.000830436494640999
593,MCY,0.0006917490870444359
594,MD,0.0009700129695163646
595,MDLZ,0.0012400939504340377
596,MDRX,0.0010945963916834608
597,MDT,0.0013147853834377288
598,MDU,0.0009022092307161674
599,MEI,0.0011232494305369073
600,MEIP,0.0011998163893899817
601,MET,0.001039401473634314
602,MFA,0.0010785072805911894
603,MGEE,0.0004660859862595115
604,MGM,0.0007463572690095024
605,MGRC,0.0008520876193139369
606,MHK,0.0009374148412644665
607,MHO,0.000934881683960953
608,MKC,0.0006842981840423296
609,MKL,0.000594066590604808
610,MKSI,0.0014698935762815788
611,MKTX,0.0006882671601497708
612,MLI,0.0010106985551231588
613,MLM,0.0013053190119401174
614,MLR,0.0008262663316128127
615,MMC,0.0013220712728301295
616,MMM,0.0005836657982506238
617,MMS,0.000530885247145336
618,MMSI,0.0008573472495575229
619,MNKD,0.00039523834693323573
620,MNST,0.0007811806695916579
621,MO,0.001344444056247563
622,MOD,0.0008631071359752184
623,MOH,0.0005991279243383237
624,MOS,0.000788933425116183
625,MOV,0.0007243986295502725
626,MPWR,0.001075470639222452
627,MPX,0.000795405622975224
628,MRCY,0.0006996518623333889
629,MRK,0.0013557754392898808
630,MRVL,0.0007674563442766762
631,MS,0.0005064951728995255
632,MSA,0.001001535743549832
633,MSEX,0.001081726082876959
634,MSFT,0.0008742365154032058
635,MSI,0.0007823044192283444
636,MSM,0.0006854533319032924
637,MSTR,0.0010687046824628843
638,MTB,0.0008383184727049686
639,MTCH,0.0005930741159408358
640,MTD,0.0010947593252006646
641,MTG,0.0008313232041365746
642,MTH,0.0013880608132560677
643,MTN,0.0010602781436652071
644,MTRN,0.0008033982108432258
645,MTRX,0.0012137848685077435
646,MTW,0.0012511914934265375
647,MTX,0.0010519835354098255
648,MTZ,0.0006423544492352186
649,MU,0.0010876238519822007
650,MUR,0.0005851797317417651
651,MYE,0.0007951160666141344
652,MYGN,0.0009326740153199929
653,NBIX,0.0010489566443544463
654,NBR,0.0004082151303153824
655,NBTB,0.0009187512755890517
656,NC,0.001257652219512515
657,NDAQ,0.0009153216122975061
658,NDSN,0.0012458340689726235
659,NEE,0.001034374694717004
660,NEM,0.0005034837885870473
661,NEOG,0.0012184223479518395
662,NEU,0.0011019166923847458
663,NFG,0.0013146141511184463
664,NFLX,0.000986199169907215
665,NG,0.000984845394075529
666,NHC,0.0011354434214259032
667,NHI,0.0007734250874208044
668,NI,0.0006904063791525569
669,NJR,0.0009923248151911066
670,NKE,0.001404755489123658
671,NKTR,0.0008854527290650038
672,NL,0.0009258905739895241
673,NLY,0.00042943067849089255
674,NNBR,0.0011795518209575056
675,NNI,0.0009412918295589087
676,NNN,0.0008543345461793129
677,NOC,0.000659603109434625
678,NOV,0.0009452093121753022
679,NOVT,0.0011263721511869356
680,NPK,0.0012484256417913228
681,NPO,0.0012257886858538197
682,NR,0.0010478680142051906
683,NRG,0.0005906033659819961
684,NSC,0.0010326752424937992
685,NSIT,0.0011066039136125544
686,NSP,0.00140280530265735
687,NTAP,0.0005962338158293117
688,NTCT,0.000627685562747108
689,NTGR,0.0011448368676237187
690,NTRS,0.0009239843701331055
691,NUE,0.000492892975197124
692,NUS,0.000963340687201397
693,NVAX,0.0008994696637151346
694,NVDA,0.0011125355725360464
695,NVR,0.0008073793838935753
696,NWBI,0.0010726344080082691
697,NWL,0.0006640556075166879
698,NWN,0.0011486409975932995
699,NWPX,0.0007189060023694007
700,NX,0.0008597074737104907
701,NXST,0.0011908079062358684
702,NYT,0.000907328151221884
703,O,0.001096106804399036
704,OCFC,0.001078143132961236
705,ODP,0.0009828501588795033
706,OFG,0.0005151043158576448
707,OFIX,0.0008377616391948105
708,OGE,0.0010482849876664998
709,OHI,0.0008651469484619112
710,OI,0.0012158854633486007
711,OII,0.0011574337132352068
712,OIS,0.0005613896988266149
713,OKE,0.0008924265513957957
714,OLED,0.0006421186403246154
715,OLN,0.0011996971874711736
716,OMC,0.0011519451123289221
717,OMCL,0.0010650135918424922
718,OMI,0.0012612034121736392
719,ON,0.00107192654278241
720,OPCH,0.0004162997110489826
721,OPY,0.0012064768306098898
722,ORA,0.0009598448673341826
723,ORCL,0.0009051657096544217
724,ORI,0.0007890509567475423
725,ORLY,0.0008391825341568298
726,OSIS,0.0010844000321859754
727,OSK,0.0008151095433346726
728,OSPN,0.0007565368390601778
729,OSUR,0.0011449775275653186
730,OTTR,0.0011792128606448273
731,OVV,0.0015781848477298363
732,OXM,0.0014333163753597494
733,OXY,0.0005219761556833093
734,OZK,0.00137129305796282
735,PAG,0.00111959245171087
736,PAYX,0.0012411237998787743
737,PB,0.0006437078969657178
738,PBI,0.0009779461295622897
739,PCAR,0.0011703633340626502
740,PCG,0.0005603083814292928
741,PCH,0.0005923110244819394
742,PDCO,0.001131876411702615
743,PDFS,0.000652844989075015
744,PEG,0.0013676147164242661
745,PEGA,0.0011132579361238047
746,PENN,0.0009535240989577623
747,PEP,0.0010101360333863519
748,PFE,0.0009096220482805343
749,PFG,0.0006931617376162925
750,PFS,0.0009440461383835149
751,PG,0.000790003687121187
752,PGR,0.0007429430869305909
753,PH,0.0008963957443064432
754,PHM,0.0008640380693949925
755,PII,0.0013789762062392113
756,PIPR,0.0009764616962970324
757,PKE,0.0006386331903019874
758,PKG,0.0007351679889387059
759,PKOH,0.000995895205686163
760,PLAB,0.0007373361774091929
761,PLCE,0.0010640571129831356
762,PLD,0.0007018507522459624
763,PLUG,0.0005767470747304991
764,PLXS,0.0011474356608698068
765,PNC,0.0007947759618115839
766,PNFP,0.0007364008622974677
767,PNR,0.001172732485537032
768,PNRG,0.0012985670684215508
769,PNW,0.0013288540041991688
770,POOL,0.0010974771814220442
771,POWI,0.0007493600779957779
772,PPC,0.0008834741452125705
773,PPG,0.0011005463666493786
774,PPL,0.0009065616592266368
775,PRA,0.0003441105867905868
776,PRAA,0.0010242411097449629
777,PRDO,0.0011173320984073768
778,PRGO,0.0006539877232764885
779,PRGS,0.0010944078256926448
780,PRK,0.0011700261955754092
781,PRU,0.001014420363242907
782,PSA,0.0012730766684519318
783,PSMT,0.0013318053280794609
784,PTC,0.000901971235983428
785,PTEN,0.0012087716933638867
786,PVH,0.0010853232376913616
787,PWR,0.0012637081912393502
788,PXLW,0.0005328273138888294
789,PZZA,0.0005542765179028231
790,QCOM,0.0010173630516922265
791,QDEL,0.0008176729576565145
792,QGEN,0.0009457272319730228
793,QMCO,0.0009963305144345155
794,R,0.000923357228435129
795,RAMP,0.000810948411970103
796,RBBN,0.0004719779441531854
797,RBCAA,0.000748287384118356
798,RCKY,0.0007786868512377459
799,RCL,0.0006345359097006612
800,RDN,0.0007857952464697471
801,RDUS,0.0005885729559917896
802,REG,0.0006223558145792439
803,REGN,0.0009134871840505989
804,RES,0.0009793085216864609
805,REX,0.0010293667593340484
806,RF,0.0008784013482946617
807,RGEN,0.001187391950229688
808,RGLD,0.0013241602885575988
809,RGP,0.0007466277849614113
810,RGR,0.001255615952778716
811,RGS,0.0009338998402946802
812,RHI,0.0011522503533946266
813,RHP,0.0008767011813932895
814,RIG,0.0010057204422851318
815,RIGL,0.001113028482404841
816,RJF,0.0009056139410529154
817,RL,0.0009655509989213633
818,RLI,0.0012734129891951054
819,RMBS,0.0010073266530493826
820,RMD,0.0005110089635143906
821,RNR,0.0011976346544791225
822,ROCK,0.0012995830871294178
823,ROG,0.0006217923515941195
824,ROK,0.000991646241842567
825,ROL,0.0005014237428937812
826,ROP,0.001446981617003427
827,ROST,0.0007858676280977306
828,RPM,0.0009107812750953545
829,RRC,0.0012245688998608604
830,RRGB,0.0009552601635890249
831,RS,0.0010842394541399883
832,RSG,0.0012054160327978516
833,RTX,0.0015410856850782383
834,RUSHA,0.001031550734843443
835,RWT,0.0011506938811506476
836,RYN,0.0010081804757336645
837,SAFT,0.0008218275329239487
838,SAH,0.0007265283783741752
839,SAIA,0.0009271988458442622
840,SAM,0.0009295670701154408
841,SANM,0.0005640891117435567
842,SAVA,0.001013011556513188
843,SBAC,0.0013394889165205272
844,SBGI,0.0009993850396854882
845,SBRA,0.0010559397870176872
846,SBSI,0.0012226049686813072
847,SBUX,0.0007743947382995395
848,SCCO,0.000735734427355298
849,SCHL,0.0007182617160927326
850,SCHW,0.0008086487690858537
851,SCI,0.0007949048917000549
852,SCL,0.0012495686703835798
853,SCS,0.0008691065254985569
854,SCSC,0.000932054163646057
855,SCVL,0.0009703993690575707
856,SEE,0.0006733200132121084
857,SEIC,0.0010309607216895972
858,SFL,0.0009160429086545938
859,SGMO,0.001064383263045002
860,SHO,0.0010461654425783838
861,SHOO,0.0010807049316070734
862,SHW,0.0008367965341162405
863,SHYF,0.0009959525451611298
864,SIGI,0.0008935502318191014
865,SITC,0.0014177627444685386
866,SJM,0.0006257569876219379
867,SJW,0.0006127042748495044
868,SKT,0.0009276728282573883
869,SKX,0.00041357836016722726
870,SKY,0.0008776868205582249
871,SKYW,0.0009418536390952091
872,SLAB,0.0009894742273086669
873,SLB,0.0007096816841447636
874,SLG,0.0008731911283355003
875,SLGN,0.0007114644170219239
876,SLM,0.0008869000367703291
877,SM,0.0011825082367521598
878,SMG,0.0007633519257469088
879,SMP,0.0007949138528558818
880,SMTC,0.0011525669414169718
881,SNA,0.0006905722688198418
882,SNBR,0.0010495154530701877
883,SNPS,0.0010722750240358355
884,SNV,0.0013419156483838951
885,SNX,0.0004694318453077054
886,SO,0.0013662821072618978
887,SON,0.0010140759664821993
888,SPG,0.0008826450743751766
889,SPGI,0.0010201409716639974
890,SPOK,0.0009840367630217619
891,SPTN,0.0013687913115981117
892,SPXC,0.0011283066151327413
893,SR,0.0005817745027533664
894,SRCE,0.0009534298477223028
895,SRCL,0.0007836760209441634
896,SRDX,0.0013743978582737679
897,SRE,0.0010070765823353808
898,SRI,0.0007344066907530227
899,SRPT,0.0008287446513500628
900,SSD,0.0007219919068256399
901,SSP,0.0005607451520700419
902,STAA,0.0006675222168199905
903,STBA,0.0006274402362057933
904,STC,0.001195163039730594
905,STE,0.0009734347828535938
906,STLD,0.0007396338736718976
907,STRA,0.0009202918716122476
908,STT,0.0008881773110574343
909,STXS,0.0007635026131361071
910,STZ,0.0011062895079535107
911,SUI,0.0008357087981479468
912,SVC,0.0004156956510910189
913,SWBI,0.0010705324286305125
914,SWK,0.0008327442850836411
915,SWKS,0.0008846513607745019
916,SWX,0.0010482683495038037
917,SXI,0.0008293131656406394
918,SXT,0.0010811546313404575
919,SYK,0.0014940907288172704
920,SYNA,0.0002992860601204711
921,SYY,0.0011092951859656044
922,T,0.00045958450896690857
923,TAP,0.0008445107923838851
924,TBBK,0.0009005527678388012
925,TBI,0.0009198538332342585
926,TCBI,0.000810334776613498
927,TDS,0.0011333036937328362
928,TDW,0.0011605981682919892
929,TDY,0.0006691088387383671
930,TECH,0.0011215124871413872
931,TEN,0.0009002068599451197
932,TER,0.0006360063063380451
933,TEX,0.0012455780107315613
934,TFC,0.0010055443327891419
935,TFX,0.0009368089916772229
936,TG,0.0009981988656204332
937,TGI,0.0005380153227719339
938,TGNA,0.0013682093938046105
939,TGT,0.0006422799662112758
940,THC,0.0007525726492994733
941,THG,0.0010382073592744734
942,THO,0.0008987771557822074
943,TILE,0.0008326543219798135
944,TJX,0.0011399431251766206
945,TKR,0.0012266330493490157
946,TMO,0.0007862777714661911
947,TNC,0.0009571573029657883
948,TOL,0.0010878931546247628
949,TPC,0.0008082809261052315
950,TPR,0.0007161331363801711
951,TPX,0.0008953432184497182
952,TR,0.0013068222391847339
953,TRC,0.0011779107498948046
954,TREX,0.0008275908368913759
955,TRMB,0.0009582008207690918
956,TRMK,0.0008106335265686326
957,TRN,0.000892281899553134
958,TROW,0.0010074656375220726
959,TRST,0.0005510886668869707
960,TRV,0.0009848836868609253
961,TSCO,0.0006793087739550818
962,TSN,0.0009660341015262197
963,TT,0.0012175464603879898
964,TTC,0.000831282527021373
965,TTEC,0.0009490958246833239
966,TTEK,0.0011752615407645858
967,TTMI,0.000998934039826235
968,TTWO,0.0006720523169634693
969,TXN,0.0011223311087129376
970,TXRH,0.0010645050681483258
971,TXT,0.0009223297193729638
972,UBSI,0.000704388775274238
973,UCTT,0.0011382622725892608
974,UEIC,0.0010512392371309198
975,UFI,0.0009795726200344291
976,UFPI,0.0012588497004481698
977,UGI,0.0008888855124742452
978,UHAL,0.00031347072250392083
979,UHS,0.0007402206862613294
980,UHT,0.0009428481513181524
981,UIS,0.0004032505026218923
982,UMBF,0.0006587729273485055
983,UNF,0.0011110719913438162
984,UNFI,0.0011233625762138884
985,UNH,0.0008748399895531729
986,UNM,0.0009312329302891495
987,UNP,0.0012943247748289568
988,UPS,0.0010670248891523132
989,URBN,0.0006707787445126721
990,URI,0.0011621441577747114
991,USB,0.00045003381688783403
992,USM,0.001238526143515727
993,USNA,0.0008921106882084107
994,UTHR,0.0008946888908638203
995,UTI,0.0008120392459119578
996,UTL,0.0014372135008225986
997,UVV,0.0012182394600869604
998,VECO,0.001048008354355493
999,VFC,0.0012112003214174126
1000,VIAV,0.001141976708280258
1001,VICR,0.0005090059027362615
1002,VLO,0.0006527533979211897
1003,VLY,0.0011219599321821378
1004,VMC,0.0013297160667925653
1005,VMI,0.0012362794716843785
1006,VNO,0.0008586917912706213
1007,VOXX,0.0012280889542297725
1008,VRNT,0.0010361824823698052
1009,VRSN,0.0007901483339394211
1010,VRTX,0.0007438696540996252
1011,VSAT,0.0012897874333389011
1012,VSH,0.00055438827591163
1013,VTR,0.0009899932412791752
1014,VVI,0.001055922786531004
1015,VZ,0.0006468373438588835
1016,WAB,0.0006044847213531152
1017,WABC,0.0011383577161275865
1018,WAFD,0.0011808953878505173
1019,WASH,0.0010739088615600576
1020,WAT,0.0011017938736092652
1021,WBA,0.0008506628096131791
1022,WBS,0.00044633669365451493
1023,WCC,0.0011493832852285048
1024,WDC,0.0008428288713846309
1025,WDFC,0.0009641805525499503
1026,WEC,0.0011233337903125552
1027,WELL,0.0009901692726489348
1028,WEN,0.0007761926587806822
1029,WERN,0.0007638005306515079
1030,WFC,0.0009389454405966596
1031,WGO,0.0009368660627873934
1032,WHG,0.0011295967233017836
1033,WHR,0.000793303311619304
1034,WLK,0.0011978202647631173
1035,WM,0.0012413549935362178
1036,WMB,0.0009765555752836187
1037,WMK,0.0008818894529359911
1038,WMT,0.0010595802593502477
1039,WNC,0.0009162167392557867
1040,WNEB,0.0008258989528559986
1041,WOR,0.0011056567279422174
1042,WPC,0.0010772780732920195
1043,WRB,0.0008271974964563774
1044,WRLD,0.000892311680127547
1045,WSFS,0.0008725171011626104
1046,WSM,0.001035736570483841
1047,WSO,0.001062710493219154
1048,WST,0.0009418065862758973
1049,WTFC,0.0005686453447532305
1050,WTM,0.0012772533580185656
1051,WTRG,0.0009143132003428883
1052,WTS,0.001069549169600241
1053,WW,0.0008049304160571544
1054,WWD,0.0005691637784810005
1055,WWW,0.0011725526113203094
1056,WY,0.0008321140218908896
1057,WYNN,0.0006187553819583548
1058,X,0.0012372808321248832
1059,XEL,0.0007469797145264876
1060,XOM,0.0005126811645455012
1061,XOMA,0.0005687560212784841
1062,XPO,0.001153669061469395
1063,XRAY,0.0006914322721930786
1064,XRX,0.0009473971521583897
1065,YUM,7.39193809244446e-05
1066,ZBH,0.0008009401772570215
1067,ZBRA,0.0008748730582628648
1068,ZEUS,0.0008941326087805706
1069,ZION,0.0008924080231784021
